LINHA;APELIDO;DESCRICAO_PRODUTO
Aro12;;BICICLETA ARO 12 ABSOLUTE DINOSSAURO
Aro12;PRINCESAS;BICICLETA ARO 12 ABSOLUTE PRINCESAS
Aro12;;BICICLETA ARO 12 ABSOLUTE TUBARAO
Aro12;;BICICLETA ARO 12 ABSOLUTE UNICORNIO
Aro12;;BICICLETA ARO 12 BARBIE
Aro12;BLACK;BICICLETA ARO 12 BLACK 12 4
Aro12;CAT;BICICLETA ARO 12 CAT 01 SELIM PU
Aro12;;BICICLETA ARO 12 CECIZINHA 2023
Aro12;CHARM;BICICLETA ARO 12 CHARM
Aro12;;BICICLETA ARO 12 FIAT PRETO/CINZA
Aro12;;BICICLETA ARO 12 FIAT PRETO/ROSA ESCURO
Aro12;FIREMAN;BICICLETA ARO 12 FIRE MAN 11
Aro12;FLOWER;BICICLETA ARO 12 FLOWER 11
Aro12;;BICICLETA ARO 12 HOT WHEELS
Aro12;;BICICLETA ARO 12 INFANTI PT/VD
Aro12;;BICICLETA ARO 12 INFANTI RS/VD
Aro12;MECHANIC;BICICLETA ARO 12 MECHANIC
Aro12;;BICICLETA ARO 12 MICKEY
Aro12;MINNIE DISNEY;BICICLETA ARO 12 MINNIE
Aro12;MOTOR X;BICICLETA ARO 12 MOTOR X
Aro12;PET´S;BICICLETA ARO 12 PETS
Aro12;;BICICLETA ARO 12 POWER REX 2023
Aro12;PRINCESAS;BICICLETA ARO 12 PRINCESAS
Aro12;SPIDERMAN;BICICLETA ARO 12 SPIDER MAN
Aro12;STITCH;BICICLETA ARO 12 STITCH
Aro12;VELOZ;BICICLETA ARO 12 VELOZ 2
Aro12;VIOLET;BICICLETA ARO 12 VIOLET 4
Aro12;;BICICLETA ARO 12 XICORIA BOY MOD 02
Aro14;;BICICLETA ARO 14 BTWIN 500 MINI MONSTER
Aro14;;"BICICLETA ARO 14 BTWIN ROBOT 14"""
Aro14;UNICORN;"BICICLETA ARO 14 BTWIN UNICORN 14"""
Aro14;CECIZINHA;BICICLETA ARO 14 CECIZINHA MOD 2024
Aro14;FEMININA;BICICLETA ARO 14 FIRST PRO FEMININA 5
Aro14;MASCULINA;BICICLETA ARO 14 FIRST PRO MASCULINA 4
Aro14;ZIG BIM ;BICICLETA ARO 14 ZIGBIM MOD 2024
Aro16;;BICICLETA ARO 16 ABSOLUTE DINOSSAURO
Aro16;;BICICLETA ARO 16 ABSOLUTE UNICORNIO
Aro16;APOLLO;BICICLETA ARO 16 APOLLO 4
Aro16;BARBIE;BICICLETA ARO 16 BARBIE
Aro16;BTWIN PRATA/VERMELHA;BICICLETA ARO 16 BTWIN 500 PRATA/VERMELHA
Aro16;BTWIN AMARELA;BICICLETA ARO 16 BTWIN AMARELA
Aro16;;BICICLETA ARO 16 BTWIN CRUISER 500 2022
Aro16;DARK;BICICLETA ARO 16 BTWIN DARK HERO 2022
Aro16;;BICICLETA ARO 16 BTWIN ORIGINAL 500 2022
Aro16;;BICICLETA ARO 16 BTWIN ROBOT
Aro16;;BICICLETA ARO 16 BTWIN UNICORNIO
Aro16;CAPITAO AMERICA;BICICLETA ARO 16 CAPITAO AMERICA 02
Aro16;EXTREME;BICICLETA ARO 16 EXTREME 2
Aro16;;BICICLETA ARO 16 FROZEN 02
Aro16;HOMEM DE FERRO;BICICLETA ARO 16 HOMEM DE FERRO 02
Aro16;HOT WHEELS;BICICLETA ARO 16 HOT WHEELS
Aro16;INFANTI LARANJA;BICICLETA ARO 16 INFANTI LARANJA
Aro16;INFANTI ROSA;BICICLETA ARO 16 INFANTI ROSA
Aro16;LADY;BICICLETA ARO 16 LADY 3
Aro16;;BICICLETA ARO 16 PIXIE 2
Aro16;PRINCESAS;BICICLETA ARO 16 PRINCESAS 02
Aro16;SPIDER MAN;BICICLETA ARO 16 SPIDER MAN 02
Aro16;;BICICLETA ARO 16 STITCH
Aro16;;BICICLETA ARO 16 STITCH 02
Aro16;TECH BOYS;BICICLETA ARO 16 TECH BOYS 6
Aro16;TOP GIRLS;BICICLETA ARO 16 TOP GIRLS 6
Aro16;UNICORN NATHOR;BICICLETA ARO 16 UNICORN
Aro20;ANTONELLA ROSA;BICICLETA ARO 20 ANTONELLA TEEN ROSA
Aro20;;BICICLETA ARO 20 ANTONELLA TEEN VERDE
Aro20;APOLLO;BICICLETA ARO 20 APOLLO PRETO/LARANJ 2
Aro20;BARBIE;BICICLETA ARO 20 BARBIE
Aro20;BELLA;BICICLETA ARO 20 BELLA 03 ROSA/ROSA
Aro20;;BICICLETA ARO 20 BLADE GREEN
Aro20;BOLT;BICICLETA ARO 20 BOLT
Aro20;MISTGIRL;BICICLETA ARO 20 BTWIN MISTGIRL BR/AZUL
Aro20;ORIGINAL 120 ROSA;BICICLETA ARO 20 BTWIN ORIGINAL 120 ROSA
Aro20;ORIGINAL 500;BICICLETA ARO 20 BTWIN ORIGINAL 500
Aro20;RACING BOYS;BICICLETA ARO 20 BTWIN RACING BOY
Aro20;;BICICLETA ARO 20 BTWIN ST 120 MASC 2022
Aro20;;BICICLETA ARO 20 BTWIN ST 500 MASC 2022
Aro20;;BICICLETA ARO 20 HARMONY PINK
Aro20;HOT WHEELS;BICICLETA ARO 20 HOT WHEELS
Aro20;;BICICLETA ARO 20 INFANTI PT/LJ
Aro20;;BICICLETA ARO 20 INFANTI ROSA CLARO
Aro20;LOVELY;BICICLETA ARO 20 LOVELY
Aro20;;BICICLETA ARO 20 MOBHIS AZUL 5019
Aro26;;BICICLETA ARO 26 ANTHON AZUL
Aro26;;BICICLETA ARO 26 ANTHON CINZA
Aro26;;BICICLETA ARO 26 ANTONELLA PEROLA
Aro26;ROSA;BICICLETA ARO 26 ANTONELLA ROSA
Aro26;VERDE AQUA;BICICLETA ARO 26 ANTONELLA VERDE AQUA
Aro26;;BICICLETA ARO 26 BARBIE
Aro26;;BICICLETA ARO 26 DEL MARE MARROM
Aro26;;BICICLETA ARO 26 INBRASUL AZUL
Aro26;;BICICLETA ARO 26 LIS CORAL PINK
Aro26;;BICICLETA ARO 26 LOUIS AZUL
Aro26;;BICICLETA ARO 26 MOBHIS AZUL 5019
Aro26;;BICICLETA ARO 26 VETTER AMARELA
Balance;;BICICLETA BALANCE 12 RAIADA AZUL 2
Balance;;BICICLETA BALANCE 12 RAIADA LILAS
Balance;;BICICLETA BALANCE 12 RAIADA LILAS 2
Balance;;BICICLETA BALANCE 12 RAIADA NATHOR LJ
Balance;;BICICLETA BALANCE 12 RAIADA NATHOR LJ 2
Balance;;BICICLETA BALANCE 12 RAIADA ROSA 2
Balance;FAST;BICICLETA BALANCE BIKE FAST MOD 3
Balance;FEMININA;BICICLETA BALANCE BIKE FEMININA 3
Balance;;BICICLETA BALANCE BIKE GARDEN FLY 2
Balance;LOVE;BICICLETA BALANCE BIKE LOVE 2
Balance;MASCULINA;BICICLETA BALANCE BIKE MASCULINA 04
Balance;;BICICLETA BALANCE BIKE MASCULINA MOD 5
Balance;ROCKET ASTRO;BICICLETA BALANCE BIKE ROCKET ASTRO 2
Balance;CALOI VERMELHA;BICICLETA BALANCE CALOI VERMELHA 02
Balance;;BICICLETA BALANCE CARROS
Balance;;BICICLETA BALANCE CECIZINHA 03
Balance;;BICICLETA BALANCE POWER REX 02
Balance;;BICICLETA BALANCE PRINCESAS
Balance;;BICICLETA BALANCE PRINCESAS 02
Balance;;BICICLETA BALANCE SPIDER MAN
Balance;;BICICLETA BALANCE SPIDER MAN 02
;;BICICLETA BTWIN 100 PT/VERD 2022
;;BICICLETA BTWIN 500 AZUL CLARO /PT 2022
;;BICICLETA BTWIN 500 ROSA /MARROM 2022
Balance;;BICICLETA BTWIN BALANCE LARANJA/PRETO
;;BICICLETA RUN RIDE 100 ROSA
;;BICICLETA RUN RIDE 900 AMARELO/PRETO
;;BICICLETA RUN RIDE 900 ROSA
;;KIT BICICLETA ARO 12 FEMININA ROSA
;;KIT BICICLETA ARO 12 MASCULINA BRANCA
;;KIT BICICLETA ARO 12 MASCULINA VERMELHA
Triciclo;;TRICICLO CHARM
Triciclo;HONEY BEE;TRICICLO HONEY BEE
Triciclo;;TRICICLO INFANTI AZUL
Triciclo;;TRICICLO INFANTI ROSA
Triciclo;;TRICICLO KIDS 4 2023
Triciclo;KIDS 5;TRICICLO KIDS 5
Triciclo;PRINCESAS;TRICICLO PRINCESAS
Triciclo;SPIDER MAN;TRICICLO SPIDER MAN
Triciclo;BOY;TRICICLO YOU 3 BOY 2023
Triciclo;GIRL;TRICICLO YOU 3 GIRL 2020
Aro16;GTS FEMININA;
Aro16;GTS MASCULINA;
Balance;ROSA / MARROM 2022;
Aro26;RAIADA 900 AMARELO;
Aro26;RAIADA LARANJA;
Aro26;RAIADA LILAS;
Aro26;RAIADA ROSA;
Aro26;RAIADA AZUL;
Aro26;PEROLA;
