Grupo;APELIDO;
Aro12;ABSOLUTE DINOSSAURO;BICICLETA ARO 12 ABSOLUTE DINOSSAURO
Aro12;ABSOLUTE PRINCESAS;BICICLETA ARO 12 ABSOLUTE PRINCESAS
Aro12;ABSOLUTE TUBARAO;BICICLETA ARO 12 ABSOLUTE TUBARAO
Aro12;ABSOLUTE UNICORNIO;BICICLETA ARO 12 ABSOLUTE UNICORNIO
Aro12;BARBIE;BICICLETA ARO 12 BARBIE
Aro12;BLACK;BICICLETA ARO 12 BLACK 12 4
Aro12;CAT;BICICLETA ARO 12 CAT 01 SELIM PU
Aro12;CECIZINHA;BICICLETA ARO 12 CECIZINHA 2023
Aro12;CHARM;BICICLETA ARO 12 CHARM
Aro12;FIAT PRETO/CINZA;BICICLETA ARO 12 FIAT PRETO/CINZA
Aro12;FIAT PRETO/ROSA ESCURO;BICICLETA ARO 12 FIAT PRETO/ROSA ESCURO
Aro12;FIRE MAN;BICICLETA ARO 12 FIRE MAN 10
Aro12;FIRE MAN;BICICLETA ARO 12 FIRE MAN 11
Aro12;FLOWER;BICICLETA ARO 12 FLOWER 11
Aro12;HOT WHEELS;BICICLETA ARO 12 HOT WHEELS
Aro12;INFANTI PT/VD;BICICLETA ARO 12 INFANTI PT/VD
Aro12;INFANTI RS/VD;BICICLETA ARO 12 INFANTI RS/VD
Aro12;MECHANIC;BICICLETA ARO 12 MECHANIC
Aro12;MICKEY;BICICLETA ARO 12 MICKEY
Aro12;MINNIE;BICICLETA ARO 12 MINNIE
Aro12;MINNIE LILAS;BICICLETA ARO 12 MINNIE LILAS
Aro12;MOTOR X;BICICLETA ARO 12 MOTOR X
Aro12;PETS;BICICLETA ARO 12 PETS
Aro12;POWER REX;BICICLETA ARO 12 POWER REX 2023
Aro12;PRINCESAS;BICICLETA ARO 12 PRINCESAS
Aro12;SPIDER MAN;BICICLETA ARO 12 SPIDER MAN
Aro12;STITCH;BICICLETA ARO 12 STITCH
Aro12;VELOZ;BICICLETA ARO 12 VELOZ 2
Aro12;VIOLET;BICICLETA ARO 12 VIOLET 4
Aro12;XICORIA BOY;BICICLETA ARO 12 XICORIA BOY MOD 02
Aro12;FEMININA ROSA;KIT BICICLETA ARO 12 FEMININA ROSA
Aro12;KIT MASCULINA BRANCA;KIT BICICLETA ARO 12 MASCULINA BRANCA
Aro12;KIT MASCULINA VERMELHA;KIT BICICLETA ARO 12 MASCULINA VERMELHA
Aro14;BTWIN MINI MONSTER;BICICLETA ARO 14 BTWIN 500 MINI MONSTER
Aro14;BTWIN ROBOT;"BICICLETA ARO 14 BTWIN ROBOT 14"""
Aro14;BTWIN UNICORN;"BICICLETA ARO 14 BTWIN UNICORN 14"""
Aro14;CECIZINHA;BICICLETA ARO 14 CECIZINHA MOD 2024
Aro14;FEMININA;BICICLETA ARO 14 FIRST PRO FEMININA 4
Aro14;FEMININA;BICICLETA ARO 14 FIRST PRO FEMININA 5
Aro14;MASCULINA;BICICLETA ARO 14 FIRST PRO MASCULINA 3
Aro14;MASCULINA;BICICLETA ARO 14 FIRST PRO MASCULINA 4
Aro14;ZIGBIM;BICICLETA ARO 14 ZIGBIM MOD 2024
Aro16;ABSOLUTE DINOSSAURO;BICICLETA ARO 16 ABSOLUTE DINOSSAURO
Aro16;ABSOLUTE UNICORNIO;BICICLETA ARO 16 ABSOLUTE UNICORNIO
Aro16;APOLLO;BICICLETA ARO 16 APOLLO 4
Aro16;BARBIE;BICICLETA ARO 16 BARBIE
Aro16;BTWIN PRATA/VERMELHA;BICICLETA ARO 16 BTWIN 500 PRATA/VERMELHA
Aro16;BTWIN AMARELA;BICICLETA ARO 16 BTWIN AMARELA
Aro16;BTWIN CRUISER;BICICLETA ARO 16 BTWIN CRUISER 500 2022
Aro16;BTWIN DARK HERO;BICICLETA ARO 16 BTWIN DARK HERO 2022
Aro16;BTWIN ORIGINAL 500;BICICLETA ARO 16 BTWIN ORIGINAL 500 2022
Aro16;BTWIN ROBOT;BICICLETA ARO 16 BTWIN ROBOT
Aro16;BTWIN UNICORNIO;BICICLETA ARO 16 BTWIN UNICORNIO
Aro16;CAPITAO AMERICA;BICICLETA ARO 16 CAPITAO AMERICA 02
Aro16;EXTREME;BICICLETA ARO 16 EXTREME 2
Aro16;FROZEN;BICICLETA ARO 16 FROZEN 02
Aro16;HOMEM DE FERRO;BICICLETA ARO 16 HOMEM DE FERRO 02
Aro16;HOT WHEELS;BICICLETA ARO 16 HOT WHEELS
Aro16;INFANTI LARANJA;BICICLETA ARO 16 INFANTI LARANJA
Aro16;INFANTI ROSA;BICICLETA ARO 16 INFANTI ROSA
Aro16;LADY;BICICLETA ARO 16 LADY 3
Aro16;PIXIE;BICICLETA ARO 16 PIXIE 2
Aro16;PRINCESAS;BICICLETA ARO 16 PRINCESAS 02
Aro16;SPIDER MAN;BICICLETA ARO 16 SPIDER MAN
Aro16;SPIDER MAN;BICICLETA ARO 16 SPIDER MAN 02
Aro16;STITCH;BICICLETA ARO 16 STITCH
Aro16;STITCH;BICICLETA ARO 16 STITCH 02
Aro16;TECH BOYS;BICICLETA ARO 16 TECH BOYS 5
Aro16;TECH BOYS;BICICLETA ARO 16 TECH BOYS 6
Aro16;TOP GIRLS;BICICLETA ARO 16 TOP GIRLS 6
Aro16;UNICORN NATHOR;BICICLETA ARO 16 UNICORN
Aro20;ANTONELLA ROSA;BICICLETA ARO 20 ANTONELLA TEEN ROSA
Aro20;ANTONELLA VERDE;BICICLETA ARO 20 ANTONELLA TEEN VERDE
Aro20;APOLLO;BICICLETA ARO 20 APOLLO PRETO/LARANJ
Aro20;APOLLO;BICICLETA ARO 20 APOLLO PRETO/LARANJ 2
Aro20;BARBIE;BICICLETA ARO 20 BARBIE
Aro20;BELLA;BICICLETA ARO 20 BELLA 02 ROSA/ROSA
Aro20;BELLA;BICICLETA ARO 20 BELLA 03 ROSA/ROSA
Aro20;BLADE GREEN;BICICLETA ARO 20 BLADE GREEN
Aro20;BOLT;BICICLETA ARO 20 BOLT
Aro20;BTWIN MISTGIRL;BICICLETA ARO 20 BTWIN MISTGIRL BR/AZUL
Aro20;BTWIN ORIGINAL 120 ROSA;BICICLETA ARO 20 BTWIN ORIGINAL 120 ROSA
Aro20;BTWIN ORIGINAL 500;BICICLETA ARO 20 BTWIN ORIGINAL 500
Aro20;BTWIN RACING BOY;BICICLETA ARO 20 BTWIN RACING BOY
Aro20;BTWIN ST 120 MASC;BICICLETA ARO 20 BTWIN ST 120 MASC 2022
Aro20;BTWIN ST 500 MASC;BICICLETA ARO 20 BTWIN ST 500 MASC 2022
Aro20;HARMONY PINK;BICICLETA ARO 20 HARMONY PINK
Aro20;HOT WHEELS;BICICLETA ARO 20 HOT WHEELS
Aro20;INFANTI PT/LJ;BICICLETA ARO 20 INFANTI PT/LJ
Aro20;INFANTI ROSA CLARO;BICICLETA ARO 20 INFANTI ROSA CLARO
Aro20;LOVELY;BICICLETA ARO 20 LOVELY
Aro20;MOBHIS AZUL 5019;BICICLETA ARO 20 MOBHIS AZUL 5019
Aro26;AZUL;BICICLETA ARO 26 ANTHON AZUL
Aro26;CINZA;BICICLETA ARO 26 ANTHON CINZA
Aro26;PEROLA;BICICLETA ARO 26 ANTONELLA PEROLA
Aro26;ROSA;BICICLETA ARO 26 ANTONELLA ROSA
Aro26;VERDE AQUA;BICICLETA ARO 26 ANTONELLA VERDE AQUA
Aro26;BARBIE;BICICLETA ARO 26 BARBIE
Aro26;DEL MARE MARROM;BICICLETA ARO 26 DEL MARE MARROM
Aro26;INBRASUL AZUL;BICICLETA ARO 26 INBRASUL AZUL
Aro26;LIS;BICICLETA ARO 26 LIS CORAL PINK
Aro26;LOUIS;BICICLETA ARO 26 LOUIS AZUL
Aro26;MOBHIS AZUL 5019;BICICLETA ARO 26 MOBHIS AZUL 5019
Aro26;VETTER AMARELA;BICICLETA ARO 26 VETTER AMARELA
Balance;RAIADA AZUL;BICICLETA BALANCE 12 RAIADA AZUL 2
Balance;RAIADA LILAS;BICICLETA BALANCE 12 RAIADA LILAS
Balance;RAIADA LILAS;BICICLETA BALANCE 12 RAIADA LILAS 2
Balance;RAIADA NATHOR LJ;BICICLETA BALANCE 12 RAIADA NATHOR LJ
Balance;RAIADA NATHOR LJ;BICICLETA BALANCE 12 RAIADA NATHOR LJ 2
Balance;RAIADA ROSA;BICICLETA BALANCE 12 RAIADA ROSA 2
Balance;FAST;BICICLETA BALANCE BIKE FAST MOD 3
Balance;FEMININA;BICICLETA BALANCE BIKE FEMININA 3
Balance;GARDEN FLY;BICICLETA BALANCE BIKE GARDEN FLY 2
Balance;LOVE;BICICLETA BALANCE BIKE LOVE 2
Balance;MASCULINA;BICICLETA BALANCE BIKE MASCULINA 04
Balance;MASCULINA;BICICLETA BALANCE BIKE MASCULINA MOD 5
Balance;ROCKET ASTRO;BICICLETA BALANCE BIKE ROCKET ASTRO 2
Balance;CALOI VERMELHA;BICICLETA BALANCE CALOI VERMELHA 02
Balance;CARROS;BICICLETA BALANCE CARROS
Balance;CECIZINHA;BICICLETA BALANCE CECIZINHA 03
Balance;POWER REX;BICICLETA BALANCE POWER REX 02
Balance;PRINCESAS;BICICLETA BALANCE PRINCESAS
Balance;PRINCESAS;BICICLETA BALANCE PRINCESAS 02
Balance;SPIDER MAN;BICICLETA BALANCE SPIDER MAN
Balance;SPIDER MAN;BICICLETA BALANCE SPIDER MAN 02
Balance;BTWIN 100 PT/VERDE;BICICLETA BTWIN 100 PT/VERD 2022
Balance;BTWIN 500 AZUL CLARO /PT;BICICLETA BTWIN 500 AZUL CLARO /PT 2022
Balance;BTWIN 500 ROSA /MARROM;BICICLETA BTWIN 500 ROSA /MARROM 2022
Balance;BTWIN BALANCE LARANJA/PRETO;BICICLETA BTWIN BALANCE LARANJA/PRETO
Balance;RUN RIDE 100 ROSA;BICICLETA RUN RIDE 100 ROSA
Balance;RUN RIDE 900 AMARELO/PRETO;BICICLETA RUN RIDE 900 AMARELO/PRETO
Balance;RUN RIDE 900 ROSA;BICICLETA RUN RIDE 900 ROSA
Capacete;MINNIE;CAPACETE MINNIE
Capacete;AZUL;CAPACETE NATHOR AZUL ESCURO / PRETO
Capacete;CORAL;CAPACETE NATHOR CORAL PINK / PRETO
Capacete;PRETO;CAPACETE NATHOR PRETO / PRETO
Capacete;ROSA;CAPACETE NATHOR ROSA ESCURO / PRETO
Capacete;TURQUEZA;CAPACETE NATHOR TURQUEZA / PRETO
Capacete;UNICORNIO;CAPACETE NATHOR UNICORNIO
Capacete;POLIPLAC VERMELHO;CAPACETE POLIPLAC VERMELHO
Capacete;PRINCESAS;CAPACETE PRINCESAS ROSA CLARO BEBE
Capacete;SPIDER MAN;CAPACETE SPIDER MAN
Capacete;STITCH;CAPACETE STITCH
Triciclo;CHARM;TRICICLO CHARM
Triciclo;HONEY BEE;TRICICLO HONEY BEE
Triciclo;INFANTI AZUL;TRICICLO INFANTI AZUL
Triciclo;INFANTI ROSA;TRICICLO INFANTI ROSA
Triciclo;KIDS;TRICICLO KIDS 4 2023
Triciclo;KIDS;TRICICLO KIDS 5
Triciclo;PRINCESAS;TRICICLO PRINCESAS
Triciclo;SPIDER MAN;TRICICLO SPIDER MAN
Triciclo;BOY;TRICICLO YOU 3 BOY 2023
Triciclo;GIRL;TRICICLO YOU 3 GIRL 2020
